Name,Age,Job,Hobbies
John Doe,1994,Marketing,"football, tennis"
Jane Doe,1988,Sales,Art
Mary,1990,Data science,Reading
John Doe,1990,Marketing,"football, tennis"
Jane Doe,1990,Sales,Art
Mary,1990,Data science,Reading
John Doe,1990,Marketing,"football, tennis"
Jane Doe,1990,Sales,Art
Mary,1990,Data science,Reading
John Doe,1990,Marketing,"football, tennis"
Jane Doe,1990,Sales,Art
Mary,1990,Data science,Reading
John Doe,1990,Marketing,"football, tennis"
Jane Doe,1990,Sales,Art
Mary,1990,Data science,Reading
John Doe,1990,Marketing,"football, tennis"
Jane Doe,1990,Sales,Art